key,word
0,activism
1,activists
2,advocacy
3,advocate
4,barrier
5,barriers
6,bias
7,biased
8,bipoc
9,black and latinx
10,community diversity
11,community equity
12,cultural differences
13,cultural heritage
14,culturally responsive
15,culturally appropriate
16,disabilities
17,disability
18,discrimination
19,discriminatory
20,diverse
21,diversity
22,diversify
23,diversifying
24,equitable
25,equity
26,ethnicity
27,excluded
28,female
29,women
30,gender
31,hate speech
32,inclusion
33,inclusive
34,lgbtq
35,lgbt
36,marginalize
37,marginalized
38,minorities
39,minority
40,social justice
41,trauma
42,underserved
43,underrepresented
44,trans
45,transgender
46,nonbinary
47,abortion
48,climate
49,emissions
50,sustainable
51,decarbonization
52,carbon footprint
53,energy transition
